Workbook

Sheet Dashboard
B2: Interactive Teaching Dashboard
B3: Track progress. Understand learning. Support every student.
B5: Class | C5: 10A | F5: Subject | G5: Mathematics | J5: Semester | K5: Genap 2024/2025
B7: Total Students | F7: Class Average | J7: Passing Rate | N7: Highest Score
B8: =COUNTA('Student Data'!A2:A33) | F8: =AVERAGE('Grade Tracker'!I2:I33) | J8: =COUNTIF('Grade Tracker'!K2:K33,"Passed")/COUNTA('Grade Tracker'!A2:A33) | N8: =MAX('Grade Tracker'!I2:I33)
B10: Active students | F10: vs. last assessment | J10: 28 of 32 students | N10: Excellent!
B12: Grade Distribution | F12: Average Score by Assessment | J12: Student Performance Overview
B13: A | C13: =COUNTIF('Grade Tracker'!$J$2:$J$33,B13) | F13: Assignment | G13: =AVERAGE('Grade Tracker'!$D$2:$D$33) | J13: Status | K13: Students
B14: B | C14: =COUNTIF('Grade Tracker'!$J$2:$J$33,B14) | F14: Quiz | G14: =AVERAGE('Grade Tracker'!$E$2:$E$33) | J14: Passed | K14: =COUNTIF('Grade Tracker'!$K$2:$K$33,J14)
B15: C | C15: =COUNTIF('Grade Tracker'!$J$2:$J$33,B15) | F15: Practical | G15: =AVERAGE('Grade Tracker'!$F$2:$F$33) | J15: Remedial | K15: =COUNTIF('Grade Tracker'!$K$2:$K$33,J15)
B16: D | C16: =COUNTIF('Grade Tracker'!$J$2:$J$33,B16) | F16: Midterm | G16: =AVERAGE('Grade Tracker'!$G$2:$G$33) | J16: Fail | K16: =COUNTIF('Grade Tracker'!$K$2:$K$33,J16)
B17: F | C17: =COUNTIF('Grade Tracker'!$J$2:$J$33,B17) | F17: Final Exam | G17: =AVERAGE('Grade Tracker'!$H$2:$H$33)
B31: Top & Lowest Performing Students | J31: Learning Outcome Analysis
B32: # | C32: Student ID | D32: Name | E32: Final Score | F32: Grade | G32: Status | J32: Learning Outcome | K32: Average | L32: Achievement | M32: Status
B33: 1 | C33: S012 | D33: Alisha Putri | E33: 96 | F33: A | G33: Passed | J33: ='Learning Outcome'!A2 | K33: ='Learning Outcome'!B2 | L33: ='Learning Outcome'!C2 | M33: ='Learning Outcome'!D2
B34: 2 | C34: S025 | D34: Darren Alvaro | E34: 94 | F34: A | G34: Passed | J34: ='Learning Outcome'!A3 | K34: ='Learning Outcome'!B3 | L34: ='Learning Outcome'!C3 | M34: ='Learning Outcome'!D3
B35: 3 | C35: S007 | D35: Keisha Anindya | E35: 95 | F35: A | G35: Passed | J35: ='Learning Outcome'!A4 | K35: ='Learning Outcome'!B4 | L35: ='Learning Outcome'!C4 | M35: ='Learning Outcome'!D4
B36: 31 | C36: S031 | D36: Rizky Pratama | E36: 64 | F36: D | G36: Remedial | J36: ='Learning Outcome'!A5 | K36: ='Learning Outcome'!B5 | L36: ='Learning Outcome'!C5 | M36: ='Learning Outcome'!D5
B37: 32 | C37: S032 | D37: Nabila Zahra | E37: 61 | F37: D | G37: Remedial | J37: ='Learning Outcome'!A6 | K37: ='Learning Outcome'!B6 | L37: ='Learning Outcome'!C6 | M37: ='Learning Outcome'!D6
B39: INSIGHT | Most students have mastered basic concepts, but analysis skills (LO3) need more attention. Consider additional practice and remedial activities.

Sheet Grade Tracker
A1: Student ID | B1: Student Name | C1: Class | D1: Assignment | E1: Quiz | F1: Practical | G1: Midterm | H1: Final Exam | I1: Final Score | J1: Grade | K1: Status
A2: S001 | B2: Alya Rahma | C2: 10A | D2: 78 | E2: 82 | F2: 85 | G2: 80 | H2: 87 | I2: =D2*20%+E2*20%+F2*20%+G2*15%+H2*25% | J2: =IF(I2>=90,"A",IF(I2>=80,"B",IF(I2>=70,"C",IF(I2>=60,"D","F")))) | K2: =IF(I2>=70,"Passed",IF(I2>=60,"Remedial","Fail"))
A3: S002 | B3: Bima Pratama | C3: 10A | D3: 84 | E3: 79 | F3: 88 | G3: 83 | H3: 90 | I3: =D3*20%+E3*20%+F3*20%+G3*15%+H3*25% | J3: =IF(I3>=90,"A",IF(I3>=80,"B",IF(I3>=70,"C",IF(I3>=60,"D","F")))) | K3: =IF(I3>=70,"Passed",IF(I3>=60,"Remedial","Fail"))
A4: S003 | B4: Citra Lestari | C4: 10A | D4: 76 | E4: 81 | F4: 84 | G4: 79 | H4: 85 | I4: =D4*20%+E4*20%+F4*20%+G4*15%+H4*25% | J4: =IF(I4>=90,"A",IF(I4>=80,"B",IF(I4>=70,"C",IF(I4>=60,"D","F")))) | K4: =IF(I4>=70,"Passed",IF(I4>=60,"Remedial","Fail"))
A5: S004 | B5: Daffa Rizky | C5: 10A | D5: 82 | E5: 75 | F5: 80 | G5: 77 | H5: 83 | I5: =D5*20%+E5*20%+F5*20%+G5*15%+H5*25% | J5: =IF(I5>=90,"A",IF(I5>=80,"B",IF(I5>=70,"C",IF(I5>=60,"D","F")))) | K5: =IF(I5>=70,"Passed",IF(I5>=60,"Remedial","Fail"))
A6: S005 | B6: Elena Putri | C6: 10A | D6: 88 | E6: 86 | F6: 91 | G6: 89 | H6: 94 | I6: =D6*20%+E6*20%+F6*20%+G6*15%+H6*25% | J6: =IF(I6>=90,"A",IF(I6>=80,"B",IF(I6>=70,"C",IF(I6>=60,"D","F")))) | K6: =IF(I6>=70,"Passed",IF(I6>=60,"Remedial","Fail"))
A7: S006 | B7: Farhan Akbar | C7: 10A | D7: 74 | E7: 78 | F7: 80 | G7: 76 | H7: 82 | I7: =D7*20%+E7*20%+F7*20%+G7*15%+H7*25% | J7: =IF(I7>=90,"A",IF(I7>=80,"B",IF(I7>=70,"C",IF(I7>=60,"D","F")))) | K7: =IF(I7>=70,"Passed",IF(I7>=60,"Remedial","Fail"))
A8: S007 | B8: Keisha Anindya | C8: 10A | D8: 92 | E8: 90 | F8: 94 | G8: 91 | H8: 95 | I8: =D8*20%+E8*20%+F8*20%+G8*15%+H8*25% | J8: =IF(I8>=90,"A",IF(I8>=80,"B",IF(I8>=70,"C",IF(I8>=60,"D","F")))) | K8: =IF(I8>=70,"Passed",IF(I8>=60,"Remedial","Fail"))
A9: S008 | B9: Gilang Saputra | C9: 10A | D9: 80 | E9: 82 | F9: 85 | G9: 84 | H9: 88 | I9: =D9*20%+E9*20%+F9*20%+G9*15%+H9*25% | J9: =IF(I9>=90,"A",IF(I9>=80,"B",IF(I9>=70,"C",IF(I9>=60,"D","F")))) | K9: =IF(I9>=70,"Passed",IF(I9>=60,"Remedial","Fail"))
A10: S009 | B10: Hana Safitri | C10: 10A | D10: 86 | E10: 84 | F10: 87 | G10: 85 | H10: 91 | I10: =D10*20%+E10*20%+F10*20%+G10*15%+H10*25% | J10: =IF(I10>=90,"A",IF(I10>=80,"B",IF(I10>=70,"C",IF(I10>=60,"D","F")))) | K10: =IF(I10>=70,"Passed",IF(I10>=60,"Remedial","Fail"))
A11: S010 | B11: Iqbal Maulana | C11: 10A | D11: 77 | E11: 80 | F11: 82 | G11: 79 | H11: 84 | I11: =D11*20%+E11*20%+F11*20%+G11*15%+H11*25% | J11: =IF(I11>=90,"A",IF(I11>=80,"B",IF(I11>=70,"C",IF(I11>=60,"D","F")))) | K11: =IF(I11>=70,"Passed",IF(I11>=60,"Remedial","Fail"))
A12: S011 | B12: Jasmine Aulia | C12: 10A | D12: 89 | E12: 87 | F12: 90 | G12: 88 | H12: 93 | I12: =D12*20%+E12*20%+F12*20%+G12*15%+H12*25% | J12: =IF(I12>=90,"A",IF(I12>=80,"B",IF(I12>=70,"C",IF(I12>=60,"D","F")))) | K12: =IF(I12>=70,"Passed",IF(I12>=60,"Remedial","Fail"))
A13: S012 | B13: Alisha Putri | C13: 10A | D13: 94 | E13: 92 | F13: 95 | G13: 93 | H13: 96 | I13: =D13*20%+E13*20%+F13*20%+G13*15%+H13*25% | J13: =IF(I13>=90,"A",IF(I13>=80,"B",IF(I13>=70,"C",IF(I13>=60,"D","F")))) | K13: =IF(I13>=70,"Passed",IF(I13>=60,"Remedial","Fail"))
... A33: S032 | B33: Nabila Zahra | C33: 10A | D33: 64 | E33: 61 | F33: 67 | G33: 59 | H33: 61 | I33: =D33*20%+E33*20%+F33*20%+G33*15%+H33*25% | J33: =IF(I33>=90,"A",IF(I33>=80,"B",IF(I33>=70,"C",IF(I33>=60,"D","F")))) | K33: =IF(I33>=70,"Passed",IF(I33>=60,"Remedial","Fail"))

Sheet Learning Outcome
A1: Learning Outcome | B1: Average Score | C1: Achievement % | D1: Status | E1: Students Below Target
A2: LO1 – Basic Concept | B2: 88 | C2: =B2% | D2: =IF(C2>=0.8,"Achieved",IF(C2>=0.7,"On Track","Needs Improvement")) | E2: =COUNTIF('Grade Tracker'!$I$2:$I$33,"<"&B2)
A3: LO2 – Application | B3: 81 | C3: =B3% | D3: =IF(C3>=0.8,"Achieved",IF(C3>=0.7,"On Track","Needs Improvement")) | E3: =COUNTIF('Grade Tracker'!$I$2:$I$33,"<"&B3)
A4: LO3 – Analysis | B4: 68 | C4: =B4% | D4: =IF(C4>=0.8,"Achieved",IF(C4>=0.7,"On Track","Needs Improvement")) | E4: =COUNTIF('Grade Tracker'!$I$2:$I$33,"<"&B4)
A5: LO4 – Problem Solving | B5: 76 | C5: =B5% | D5: =IF(C5>=0.8,"Achieved",IF(C5>=0.7,"On Track","Needs Improvement")) | E5: =COUNTIF('Grade Tracker'!$I$2:$I$33,"<"&B5)
A6: LO5 – Communication | B6: 85 | C6: =B6% | D6: =IF(C6>=0.8,"Achieved",IF(C6>=0.7,"On Track","Needs Improvement")) | E6: =COUNTIF('Grade Tracker'!$I$2:$I$33,"<"&B6)

Sheet Student Data
A1: Student ID | B1: Student Name | C1: Class
A2: S001 | B2: Alya Rahma | C2: 10A
A3: S002 | B3: Bima Pratama | C3: 10A
A4: S003 | B4: Citra Lestari | C4: 10A
A5: S004 | B5: Daffa Rizky | C5: 10A
A6: S005 | B6: Elena Putri | C6: 10A
A7: S006 | B7: Farhan Akbar | C7: 10A
A8: S007 | B8: Keisha Anindya | C8: 10A
A9: S008 | B9: Gilang Saputra | C9: 10A
A10: S009 | B10: Hana Safitri | C10: 10A
A11: S010 | B11: Iqbal Maulana | C11: 10A
A12: S011 | B12: Jasmine Aulia | C12: 10A
... A33: S032 | B33: Nabila Zahra | C33: 10A

Sheet Instructions
A1: Section | B1: Description
A2: Purpose | B2: Excel-based teaching dashboard for tracking grades, class performance, and learning outcomes.
A3: 1. Student Data | B3: Add or edit student records in the Student Data sheet.
A4: 2. Grade Tracker | B4: Enter scores from 0–100. Final Score, Grade, and Status are calculated automatically.
A5: 3. Learning Outcome | B5: Update learning outcome averages and review achievement/status.
A6: 4. Dashboard | B6: Use the Dashboard as the visual summary for class discussions and evaluation.
A7: Scoring Weights | B7: Assignment 20% + Quiz 20% + Practical 20% + Midterm 15% + Final Exam 25%.
A8: Grade Rules | B8: A ≥ 90, B ≥ 80, C ≥ 70, D ≥ 60, F < 60.
A9: Status Rules | B9: Passed ≥ 70, Remedial 60–69, Fail < 60.
